c_id,clt_id,clt_name
c_0,C59313,Client_0
c_1,C54493,Client_1
c_2,C53771,Client_2
c_3,C54619,Client_3
c_4,C57890,Client_4
c_5,C54094,Client_5
c_6,C50627,Client_6
c_7,C55603,Client_7
c_8,C56095,Client_8
c_9,C53369,Client_9
c_10,C53426,Client_10
c_11,C57791,Client_11
c_12,C52519,Client_12
c_13,C50288,Client_13
c_14,C50704,Client_14
c_15,C58995,Client_15
c_16,C59918,Client_16
c_17,C57471,Client_17
c_18,C53729,Client_18
c_19,C58095,Client_19
c_20,C50733,Client_20
c_21,C55465,Client_21
c_22,C56028,Client_22
c_23,C54836,Client_23
c_24,C53734,Client_24
c_25,C51545,Client_25
c_26,C54582,Client_26
c_27,C59858,Client_27
c_28,C56331,Client_28
c_29,C55146,Client_29
c_30,C57920,Client_30
c_31,C55645,Client_31
c_32,C59718,Client_32
c_33,C50291,Client_33
c_34,C59003,Client_34
c_35,C59632,Client_35
c_36,C55768,Client_36
c_37,C53237,Client_37
c_38,C50642,Client_38
c_39,C53207,Client_39
c_40,C54931,Client_40
c_41,C51504,Client_41
c_42,C55766,Client_42
c_43,C53156,Client_43
c_44,C56174,Client_44
c_45,C56726,Client_45
c_46,C58741,Client_46
c_47,C59439,Client_47
c_48,C52152,Client_48
c_49,C56499,Client_49
c_50,C56736,Client_50
c_51,C59868,Client_51
c_52,C53595,Client_52
c_53,C55001,Client_53
c_54,C55497,Client_54
c_55,C50029,Client_55
c_56,C52583,Client_56
c_57,C56834,Client_57
c_58,C56444,Client_58
c_59,C53935,Client_59
c_60,C57798,Client_60
c_61,C57607,Client_61
c_62,C58189,Client_62
c_63,C50494,Client_63
c_64,C56020,Client_64
c_65,C53917,Client_65
c_66,C58334,Client_66
c_67,C59494,Client_67
c_68,C52928,Client_68
c_69,C51468,Client_69
c_70,C57954,Client_70
c_71,C50685,Client_71
c_72,C55450,Client_72
c_73,C57117,Client_73
c_74,C58088,Client_74
c_75,C55698,Client_75
c_76,C57976,Client_76
c_77,C55842,Client_77
c_78,C50989,Client_78
c_79,C52509,Client_79
c_80,C59290,Client_80
c_81,C50344,Client_81
c_82,C58640,Client_82
c_83,C51762,Client_83
c_84,C56356,Client_84
c_85,C57145,Client_85
c_86,C54791,Client_86
c_87,C54547,Client_87
c_88,C53009,Client_88
c_89,C53254,Client_89
c_90,C50022,Client_90
c_91,C51266,Client_91
c_92,C53925,Client_92
c_93,C56961,Client_93
c_94,C55654,Client_94
c_95,C53643,Client_95
c_96,C59924,Client_96
c_97,C58940,Client_97
c_98,C58382,Client_98
c_99,C51781,Client_99
c_100,C51448,Client_100
c_101,C54146,Client_101
c_102,C57949,Client_102
c_103,C55204,Client_103
c_104,C58468,Client_104
c_105,C54312,Client_105
c_106,C53819,Client_106
c_107,C50036,Client_107
c_108,C54564,Client_108
c_109,C55161,Client_109
c_110,C50728,Client_110
c_111,C55754,Client_111
c_112,C53251,Client_112
c_113,C55766,Client_113
c_114,C57356,Client_114
c_115,C59319,Client_115
c_116,C56335,Client_116
c_117,C57746,Client_117
c_118,C56586,Client_118
c_119,C59856,Client_119
c_120,C55877,Client_120
c_121,C58722,Client_121
c_122,C50587,Client_122
c_123,C51759,Client_123
c_124,C50760,Client_124
c_125,C50285,Client_125
c_126,C50869,Client_126
c_127,C53274,Client_127
c_128,C59202,Client_128
c_129,C50125,Client_129
c_130,C53171,Client_130
c_131,C52421,Client_131
c_132,C52711,Client_132
c_133,C53813,Client_133
c_134,C56038,Client_134
c_135,C52703,Client_135
c_136,C56302,Client_136
c_137,C53964,Client_137
c_138,C55198,Client_138
c_139,C58791,Client_139
c_140,C50978,Client_140
c_141,C55356,Client_141
c_142,C53766,Client_142
c_143,C54209,Client_143
c_144,C54601,Client_144
c_145,C57971,Client_145
c_146,C50222,Client_146
c_147,C57351,Client_147
c_148,C55102,Client_148
c_149,C56587,Client_149
c_150,C56473,Client_150
c_151,C56392,Client_151
c_152,C58123,Client_152
c_153,C51462,Client_153
c_154,C53694,Client_154
c_155,C50860,Client_155
c_156,C55652,Client_156
c_157,C58994,Client_157
c_158,C59251,Client_158
c_159,C57947,Client_159
c_160,C59979,Client_160
c_161,C51279,Client_161
c_162,C59126,Client_162
c_163,C57080,Client_163
c_164,C56184,Client_164
c_165,C52792,Client_165
c_166,C51341,Client_166
c_167,C50337,Client_167
c_168,C57026,Client_168
c_169,C58207,Client_169
c_170,C54557,Client_170
c_171,C51936,Client_171
c_172,C53113,Client_172
c_173,C50190,Client_173
c_174,C52262,Client_174
c_175,C50189,Client_175
c_176,C59967,Client_176
c_177,C50082,Client_177
c_178,C52377,Client_178
c_179,C59764,Client_179
c_180,C51193,Client_180
c_181,C54652,Client_181
c_182,C50837,Client_182
c_183,C57636,Client_183
c_184,C58682,Client_184
c_185,C59748,Client_185
c_186,C56869,Client_186
c_187,C59432,Client_187
c_188,C56169,Client_188
c_189,C59322,Client_189
c_190,C50280,Client_190
c_191,C55795,Client_191
c_192,C52678,Client_192
c_193,C54321,Client_193
c_194,C57713,Client_194
c_195,C57138,Client_195
c_196,C59478,Client_196
c_197,C57927,Client_197
c_198,C58748,Client_198
c_199,C52273,Client_199
c_200,C52183,Client_200
c_201,C58499,Client_201
c_202,C54462,Client_202
c_203,C59084,Client_203
c_204,C56301,Client_204
c_205,C59412,Client_205
c_206,C57578,Client_206
c_207,C56092,Client_207
c_208,C53546,Client_208
c_209,C54807,Client_209
c_210,C57039,Client_210
c_211,C54306,Client_211
c_212,C51080,Client_212
c_213,C55234,Client_213
c_214,C50787,Client_214
c_215,C57255,Client_215
c_216,C50094,Client_216
c_217,C57794,Client_217
c_218,C52179,Client_218
c_219,C55489,Client_219
c_220,C57480,Client_220
c_221,C50576,Client_221
c_222,C52655,Client_222
c_223,C51768,Client_223
c_224,C58050,Client_224
c_225,C55839,Client_225
c_226,C55517,Client_226
c_227,C59500,Client_227
c_228,C50026,Client_228
c_229,C53468,Client_229
c_230,C57138,Client_230
c_231,C56966,Client_231
c_232,C52864,Client_232
c_233,C51053,Client_233
c_234,C52081,Client_234
c_235,C53125,Client_235
c_236,C53612,Client_236
c_237,C50935,Client_237
c_238,C52352,Client_238
c_239,C58379,Client_239
c_240,C59715,Client_240
c_241,C53335,Client_241
c_242,C58971,Client_242
c_243,C57525,Client_243
c_244,C52071,Client_244
c_245,C50049,Client_245
c_246,C50865,Client_246
c_247,C55028,Client_247
c_248,C54078,Client_248
c_249,C58269,Client_249
c_250,C50248,Client_250
c_251,C55939,Client_251
c_252,C55387,Client_252
c_253,C56358,Client_253
c_254,C56288,Client_254
c_255,C55131,Client_255
c_256,C54030,Client_256
c_257,C55383,Client_257
c_258,C54046,Client_258
c_259,C56266,Client_259
c_260,C51662,Client_260
c_261,C52446,Client_261
c_262,C57190,Client_262
c_263,C54477,Client_263
c_264,C50695,Client_264
c_265,C51618,Client_265
c_266,C50528,Client_266
c_267,C59716,Client_267
c_268,C57050,Client_268
c_269,C50943,Client_269
c_270,C51988,Client_270
c_271,C58309,Client_271
c_272,C51667,Client_272
c_273,C53080,Client_273
c_274,C51018,Client_274
c_275,C56954,Client_275
c_276,C58251,Client_276
c_277,C56993,Client_277
c_278,C57802,Client_278
c_279,C52179,Client_279
c_280,C54614,Client_280
c_281,C54140,Client_281
c_282,C56612,Client_282
c_283,C55978,Client_283
c_284,C59945,Client_284
c_285,C55914,Client_285
c_286,C58346,Client_286
c_287,C59423,Client_287
c_288,C53352,Client_288
c_289,C59031,Client_289
c_290,C58334,Client_290
c_291,C53314,Client_291
c_292,C53257,Client_292
c_293,C57680,Client_293
c_294,C55938,Client_294
c_295,C53593,Client_295
c_296,C55774,Client_296
c_297,C52767,Client_297
c_298,C52405,Client_298
c_299,C59717,Client_299
